{"N 48, Lincoln, NE": [40.8088861, -96.7077751], "N 27, Lincoln, NE": [40.8088861, -96.7077751], "S 27, Lincoln, NE": [40.8088861, -96.7077751], "3801 W O, Lincoln, NE": [40.8137877, -96.7751519], "O, Lincoln, NE": [40.8088861, -96.7077751], "S 13, Lincoln, NE": [40.8088861, -96.7077751], "N 33, Lincoln, NE": [40.8088861, -96.7077751], "CITY OF LINCOLN": [53.2293545, -0.5404819], "S 17, Lincoln, NE": [40.8088861, -96.7077751], "S 14, Lincoln, NE": [40.8088861, -96.7077751], "S 16, Lincoln, NE": [40.8088861, -96.7077751], "S 10, Lincoln, NE": [40.8088861, -96.7077751], "S 11, Lincoln, NE": [40.8088861, -96.7077751], "S 9, Lincoln, NE": [40.8088861, -96.7077751], "S 48, Lincoln, NE": [40.8088861, -96.7077751], "S 18, Lincoln, NE": [40.8088861, -96.7077751], "N 14, Lincoln, NE": [40.8088861, -96.7077751], "N 56, Lincoln, NE": [40.8088861, -96.7077751], "N 1, Lincoln, NE": [40.8088861, -96.7077751], "S 21, Lincoln, NE": [40.8088861, -96.7077751], "N 44, Lincoln, NE": [40.8088861, -96.7077751], "CORNHUSKER, Lincoln, NE": [40.8444086, -96.6801973], "S 40, Lincoln, NE": [40.8088861, -96.7077751], "SOUTH, Lincoln, NE": [-32.4483333, 149.0344444], "S 12, Lincoln, NE": [40.8088861, -96.7077751], "S 20, Lincoln, NE": [40.8088861, -96.7077751], "5250 CORNHUSKER, Lincoln, NE": [40.8558692, -96.6487804], "A, Lincoln, NE": [40.8233862, -96.6368683], "14, Lincoln, NE": [40.8088861, -96.7077751], "HOLDREGE, Lincoln, NE": [40.8279424, -96.6321924], "VINE, Lincoln, NE": [40.7948712, -96.6330684], "S 33, Lincoln, NE": [40.8088861, -96.7077751], "N 49, Lincoln, NE": [40.8088861, -96.7077751], "N 10, Lincoln, NE": [40.8088861, -96.7077751], "S 19, Lincoln, NE": [40.8088861, -96.7077751], "721 K, Lincoln, NE": [40.8088861, -96.7077751], "N 20, Lincoln, NE": [40.8088861, -96.7077751], "N 23, Lincoln, NE": [40.8304591, -101.0014108], "S 24, Lincoln, NE": [40.8088861, -96.7077751], "S 26, Lincoln, NE": [40.8088861, -96.7077751], "N 11, Lincoln, NE": [40.8088861, -96.7077751], "N 35, Lincoln, NE": [40.8088861, -96.7077751], "N 70, Lincoln, NE": [40.8088861, -96.7077751], "D, Lincoln, NE": [40.8239008, -96.6355927], "RANDOLPH, Lincoln, NE": [40.805355, -96.6645304], "S 70, Lincoln, NE": [40.8088861, -96.7077751], "N 45, Lincoln, NE": [40.8088861, -96.7077751], "N 9, Lincoln, NE": [40.8088861, -96.7077751], "E, Lincoln, NE": [40.8563632, -96.755069], "S 56, Lincoln, NE": [40.8088861, -96.7077751], "ADAMS, Lincoln, NE": [40.8419473, -96.6543924], "941 WASHINGTON, Lincoln, NE": [35.9494569, -94.4233612], "N 46, Lincoln, NE": [40.8088861, -96.7077751], "N, Lincoln, NE": [40.8496401, -96.7497901], "N 47, Lincoln, NE": [40.8088861, -96.7077751], "S 8, Lincoln, NE": [40.8088861, -96.7077751], "N COTNER, Lincoln, NE": [40.8160357, -96.6414185], "NORMAL, Lincoln, NE": [40.7891135, -96.648069], "7600 FREMONT, Lincoln, NE": [40.8486406, -96.6488754], "N 50, Lincoln, NE": [40.8088861, -96.7077751], "N 30, Lincoln, NE": [40.8088861, -96.7077751], "N 26, Lincoln, NE": [40.8088861, -96.7077751], "S 25, Lincoln, NE": [40.8088861, -96.7077751], "1709 WASHINGTON, Lincoln, NE": [35.9494569, -94.4233612], "N 32, Lincoln, NE": [40.8088861, -96.7077751], "C, Lincoln, NE": [40.8885887, -96.6239322], "SUPERIOR, Lincoln, NE": [40.8574276, -96.7006504], "N 31, Lincoln, NE": [40.8088861, -96.7077751], "110 Q, Lincoln, NE": [40.8088861, -96.7077751], "GOODHUE, Lincoln, NE": [40.8028776, -96.6997376], "N 52, Lincoln, NE": [40.8088861, -96.7077751], "J, Lincoln, NE": [40.8601473, -96.7665556], "N 17, Lincoln, NE": [40.8088861, -96.7077751], "W O, Lincoln, NE": [41.9685224, -87.6796501], "N 40, Lincoln, NE": [40.8088861, -96.7077751], "N 28, Lincoln, NE": [40.8088861, -96.7077751], "S 23, Lincoln, NE": [40.8088861, -96.7077751], "2555 O, Lincoln, NE": [41.9685224, -87.6796501], "2505 FAIRFIELD, Lincoln, NE": [40.8472772, -96.6854399], "G, Lincoln, NE": [40.8439727, -96.7655483], "S 28, Lincoln, NE": [40.8088861, -96.7077751], "N 84, Lincoln, NE": [40.8088861, -96.7077751], "ANTELOPE VALLEY, Lincoln, NE": [40.8127879, -96.6913232], "27, Lincoln, NE": [40.8088861, -96.7077751], "I 180, Lincoln, NE": [40.8382968, -96.7121164], "N 63, Lincoln, NE": [40.8088861, -96.7077751], "N 41, Lincoln, NE": [40.8088861, -96.7077751], "1101 W BOND, Lincoln, NE": [40.8443613, -96.7374027], "2140 K, Lincoln, NE": [40.8097115, -96.6898868], "K, Lincoln, NE": [40.8510574, -96.754623], "N 60, Lincoln, NE": [40.8088861, -96.7077751], "S 15, Lincoln, NE": [40.8088861, -96.7077751], "555 R, Lincoln, NE": [40.8088861, -96.7077751], "B, Lincoln, NE": [40.8238386, -96.6373457], "N 22, Lincoln, NE": [40.8088861, -96.7077751], "N 16, Lincoln, NE": [40.8088861, -96.7077751], "2662 CORNHUSKER, Lincoln, NE": [40.8436247, -96.6836663], "N 12, Lincoln, NE": [40.8088861, -96.7077751], "SUN VALLEY, Lincoln, NE": [40.8144037, -96.7209951], "48, Lincoln, NE": [40.8088861, -96.7077751], "NW 12, Lincoln, NE": [41.9685224, -87.6796501], "F, Lincoln, NE": [40.8229195, -96.6349903], "LEIGHTON, Lincoln, NE": [40.8353222, -96.657116], "CENTENNIAL MALL, Lincoln, NE": [40.8154831, -96.6996782], "I180, Lincoln, NE": [40.8088861, -96.7077751], "N 24, Lincoln, NE": [40.8088861, -96.7077751], "S 22, Lincoln, NE": [40.8088861, -96.7077751], "Q, Lincoln, NE": [40.8088861, -96.7077751], "R, Lincoln, NE": [40.8088861, -96.7077751], "N 66, Lincoln, NE": [40.8088861, -96.7077751], "N 29, Lincoln, NE": [40.8088861, -96.7077751], "PORTIA, Lincoln, NE": [40.8463539, -96.6987008], "HWY 77, Lincoln, NE": [40.773396, -96.703153], "P, Lincoln, NE": [40.8469737, -96.7521631], "FREMONT, Lincoln, NE": [41.0893856, -100.6539556], "N 21, Lincoln, NE": [40.8088861, -96.7077751], "TOUZALIN, Lincoln, NE": [40.8575682, -96.6400442], "S 84, Lincoln, NE": [40.8088861, -96.7077751], "52, Lincoln, NE": [40.8088861, -96.7077751], "CAPITOL, Lincoln, NE": [40.8031355, -96.6945867], "N 51, Lincoln, NE": [40.8088861, -96.7077751], "N 7, Lincoln, NE": [40.8088861, -96.7077751], "6100 O, Lincoln, NE": [40.8151339, -96.6364302], "33, Lincoln, NE": [40.8088861, -96.7077751], "HUNTINGTON, Lincoln, NE": [40.7970781, -96.6300622], "2600 RANDOLPH, Lincoln, NE": [40.806296, -96.683623], "HAVELOCK, Lincoln, NE": [40.8557123, -96.6243371], "N 25, Lincoln, NE": [41.1571351, -101.1389137], "N 8, Lincoln, NE": [40.8088861, -96.7077751], "DUDLEY, Lincoln, NE": [40.8258915, -96.6263963], "N 5, Lincoln, NE": [40.8088861, -96.7077751], "L, Lincoln, NE": [40.8088861, -96.7077751], "N 54, Lincoln, NE": [40.8088861, -96.7077751], "1700 L, Lincoln, NE": [40.8088861, -96.7077751], "1741 W C, Lincoln, NE": [37.5862216, -81.7456685], "VAN DORN, Lincoln, NE": [40.7803969, -96.6224438], "2545 THERESA, Lincoln, NE": [40.8380668, -96.6852886], "ORCHARD, Lincoln, NE": [40.804756, -96.6809001], "25, Lincoln, NE": [40.8088861, -96.7077751], "WASHINGTON, Lincoln, NE": [35.9494569, -94.4233612], "Y, Lincoln, NE": [40.8088861, -96.7077751], "M, Lincoln, NE": [40.8088861, -96.7077751], "9, Lincoln, NE": [40.8088861, -96.7077751], "4200 CORNHUSKER, Lincoln, NE": [40.8478852, -96.6612132], "21, Lincoln, NE": [40.8088861, -96.7077751], "S 7, Lincoln, NE": [40.8088861, -96.7077751], "MADISON, Lincoln, NE": [40.8399649, -96.6720118], "ROSA PARKS, Lincoln, NE": [40.8080505, -96.7149555], "N 65, Lincoln, NE": [40.8088861, -96.7077751], "S 4, Lincoln, NE": [40.8088861, -96.7077751], "NW 4, Lincoln, NE": [40.8684528, -96.7383915], "S 34, Lincoln, NE": [40.8088861, -96.7077751], "N 38, Lincoln, NE": [40.8088861, -96.7077751], "340 CHARLESTON, Lincoln, NE": [40.8305423, -96.7231359], "N 36, Lincoln, NE": [40.8088861, -96.7077751], "2710 W, Lincoln, NE": [41.9685224, -87.6796501], "345 W O, Lincoln, NE": [40.8130693, -96.7243215], "5010 O, Lincoln, NE": [41.9685224, -87.6796501], "S 47, Lincoln, NE": [40.8088861, -96.7077751], "S FOLSOM, Lincoln, NE": [40.7937149, -96.7338277], "S 29, Lincoln, NE": [40.8088861, -96.7077751], "29, Lincoln, NE": [40.8088861, -96.7077751], "N 57, Lincoln, NE": [40.8088861, -96.7077751],